station_name,station_address
Abbey Wood,"Abbey Wood Station, London"
Acton Main Line,"Acton Main Line Station, London"
Bond Street,"Bond Street Station, London"
Brentwood,"Brentwood Station, England"
Canary Wharf,"Canary Wharf Station, London"
Chadwell Heath,"Chadwell Heath Station, London"
Custom House,"Custom House Station, London"
Ealing Broadway,"Ealing Broadway Station, London"
Farringdon,"Farringdon Station, London"
Forest Gate,"Forest Gate Station, London"
Gidea Park,"Gidea Park Station, London"
Goodmayes,"Goodmayes Station, London"
Hanwell,"Hanwell Station, London"
Harold Wood,"Harold Wood Station, London"
Hayes and Harlington,"Hayes and Harlington Station, London"
Heathrow Terminal 4,"Heathrow Terminal 4, London"
Heathrow Terminals 2 & 3,"Heathrow Terminals 2 & 3, London"
Ilford,Ilford Station
Liverpool Street,"Liverpool Street Station, London"
Manor Park,"Manor Park Station, London"
Maryland,"Maryland Station, London"
Paddington,"Paddington Station, London"
Romford,"Romford Station, London"
Seven Kings,"Seven Kings Station, London"
Shenfield,"Shenfield Station, England"
Southall,"Southall Station, London"
Stratford,"Stratford Station, London"
Tottenham Court Road,"Tottenham Court Road Station, London"
West Ealing,"West Ealing Station, London"
Whitechapel,"Whitechapel Station, London"
Woolwich,"Woolwich Station, London"